id,month,skills,has_skills,full_text,role,skill_category
47271625,2026-03,JavaScript|Ruby,1,"Digital Health Strategies | Full Stack Product Engineer (Ruby, JavaScript) | REMOTE (USA or Canada); Washington, DC; NYC; Vancouver, BC; |  https://digitalhealthstrategies.com  | $140k - $220k We are ",Backend Engineer,Languages
47220776,2026-03,Unclassified,0,"FUTO | Software Engineers | Austin, TX | Remote or Onsite | Full Time FUTO is an organization dedicated to developing, both through in-house engineering and investment, technologies that frustrate cen",Unclassified,Other
47270325,2026-03,AI|Computer Assisted Language Learning|FastAPI|GCP|Python|React,1,"Careforce AI (aka Helpcare) | Senior Fullstack Engineer | REMOTE (US)
Location: Remote (US) Remote: Yes (US Only) Willing to relocate: No Technologies: Python, FastAPI, React, Supabase, GCP, LLMs Résu",Frontend Engineer,ML & AI
47270606,2026-03,AI|Go|NextJS|React,1,"Adalat AI |  https://www.adalat.ai  | Remote (India) | Go, React, Next.js, k8s
We're Hiring at Adalat AI: Join Us in Building the Future of Justice Adalat AI is on a mission to transform India’s judic",Frontend Engineer,ML & AI
47220401,2026-03,AI|Data Engineering|Elasticsearch|JavaScript|LLM|NextJS|PostgreSQL|React|TypeScript,1,"Schema Labs (OpenCouncil) | Civic Tech Software Engineer | Athens, Greece | Hybrid (3 days in office) | €55K-65K We're a 4-person non-profit building OpenCouncil ( https://opencouncil.gr ), an AI plat",Frontend Engineer,ML & AI
47268259,2026-03,AWS|Android|Ios|JavaScript|Kotlin|Python|Swift|Terraform|TypeScript,1,Duolingo | Full-time | Multiple roles | $177K-$240K for NY roles | NY and London | Hybrid Our mission is to develop the best education in the world and make it universally accessible. Our culture is e,Backend Engineer,Cloud
47223685,2026-03,C++|Rust,1,"Proton VPN ( https://protonvpn.com/ ) | Senior Performance Engineer | Barcelona, Spain or Geneva, Switzerland | ONSITE Proton VPN enables millions of people to connect securely and privately, even in ",General Software Engineer,Languages
47219766,2026-03,AI,1,"Softmax | softmax.com | San Francisco (onsite) | Full-time THE MOST IMPORTANT UNSOLVED PROBLEM IN AI IS THE MOST POWERFUL OF ALL CAPABILITIES: ALIGNMENT. Hi, I'm Emmett. You may know me as the founder",General Software Engineer,ML & AI
47226370,2026-03,Scratch,1,"SF Sauna -- SF Bay Area Electrical / Power Systems Engineer - Build a battery-integrated sauna heater Paid contract role, $80 - 150/hr, 15–25 hr initial scope This is a multi-kW DC system problem (bat",General Software Engineer,Other
47263177,2026-03,AI,1,"PermitFlow (YC W22) | Staff, Fullstack & Frontend Software Engineers | New York, NY | ONSITE | Full-time |  https://permitflow.com 
PermitFlow’s mission is to streamline and simplify construction perm",General Software Engineer,ML & AI
47224803,2026-03,Unclassified,0,"Apple | Software Engineer - Developer Tools/LLDB | London, UK | ONSITE (3 days/week in office) The LLDB team is hiring an engineer to work on the debugger, which is used internally across Apple and ex",Unclassified,Other
47220278,2026-03,AI,1,"Lead Full-Stack Engineer
Marker Learning | Remote (U.S. only) | Full-time | Engineering | 185-250k I have dyslexia. I was one of the lucky ones. Diagnosed at eight, I got accommodations and support be",General Software Engineer,ML & AI
47225465,2026-03,Unclassified,0,"Lithic ( https://lithic.com ) | Senior Software Engineer ; Engineering Manager | REMOTE Lithic is the modern API for issuing & processing payment cards across Visa, Mastercard, and Amex. We're a small",Unclassified,Other
47223382,2026-03,JavaScript|React|TypeScript,1,"Ashby | YC 19 | REMOTE (Americas + EMEA) | Senior/Staff+ Product, Platform & Design Engineers | Hands On Engineering Managers | Ashby is the all-in-one recruiting platform powering hiring at the world",Frontend Engineer,Languages
47221579,2026-03,Django|PyTorch,1,"Blueberry Pediatrics | Full-stack Senior or Staff Engineer | REMOTE (US only) American healthcare is seldom affordable, accessible, or high-quality. We are fixing this for pediatrics. Blueberry is the",Backend Engineer,Backend
47247499,2026-03,AI|Machine Learning|Scratch,1,We're building AI that predicts whether a wounded soldier survives — before they reach a hospital. LIFEGUARD Technologies is hiring an ML Research Engineer to build a multimodal CNN-LSTM wound traject,ML / AI Engineer,ML & AI
47261286,2026-03,Scala,1,"Carrot | Senior Software Engineers | Full-time | Remote Carrot is an all-in-one platform for cannabis dispensaries (ecommerce, loyalty, marketing, apps, and delivery) with a small, high-impact, remote",General Software Engineer,Other
47220429,2026-03,AI|Machine Learning|PyTorch|Python|React,1,"River | Senior + Staff Engineers (Elixir, React, ML/AI) | SF or NYC or REMOTE (US, Europe, South America) | Full-Time | $150K-$250K + equity |  https://jobs.ashbyhq.com/river I'm Alex, founder and CEO",Frontend Engineer,ML & AI
47221438,2026-03,AI,1,"We’re a start-up company, we are building a local-AI camera OS that replaces cloud CCTV: SigmaStar cameras → RTSP/ONVIF → HDMI node → on-device AI (offline-first). 1. Hiring: OS / Device Lifecycle Eng",General Software Engineer,ML & AI
47254867,2026-03,AI,1,"Herakles Defense | Munich, Germany | REMOTE| Full-time | Part-time available Here's the problem: A small drone flies at you at 60mph / 100 km/h You have a camera, one edge processor, and must detect, ",General Software Engineer,ML & AI
47219761,2026-03,Helm|Kubernetes,1,Head of Engineering & Infrastructure | Full-Time | Remote | $182k - $272k USD -  https://fetlife.com/jobs/head_of_engineering_and_infrastruct... Role: Fully own our engineering and infrastructure team,DevOps Engineer,Other
47260697,2026-03,Ios|Python,1,"Twindo (Formerly Canvas; The Spatial Computing Company) | Full-time | Remote At Twindo, we’re working on spatial computing - using computer vision to 3D reconstruct and understand your surroundings so",Backend Engineer,Other
47220599,2026-03,Android|Ios|Machine Learning,1,"Sesame | Full-time | SF/NYC/Bellevue | On-site |  https://www.sesame.com/ Sesame believes in a future where computers are lifelike - with the ability to see, hear, and collaborate with us in ways that",ML / AI Engineer,Other
47224884,2026-03,AI|Tailwind,1,"Deducta | Senior Frontend Product Engineer | London, UK | Hybrid (3 days/week in office) | £150k+ cash/equity We’re a data intelligence platform for global enterprises. We are well funded, growing fas",Solutions Architect,ML & AI
47220966,2026-03,JavaScript|Rust|TypeScript,1,"Foxglove | Software Engineers (Rust, Typescript) | SF, Remote (US, AU) | Full Time Foxglove is a platform for robotics and autonomy teams to collect, analyze, and learn from the vast quantities of mul",Backend Engineer,Languages
47220824,2026-03,JavaScript|Rust|TypeScript,1,"Arcol | Senior Software Engineer | NYC, SF, or Remote (US/Canada) | Full-time Arcol (arcol.io) is a small, high talent density team building the future of building design - a future that's collaborati",Backend Engineer,Languages
47258128,2026-03,AI,1,"Brico (Series A) | San Francisco, CA | ONSITE (Hybrid OK)| H1B Transfer OK | Full-Time |  https://www.brico.ai Brico takes the hassle out of financial licensing for Financial Institutions and FinTechs",General Software Engineer,ML & AI
47256457,2026-03,AI|C#|C++|Java|JavaScript|Machine Learning|Python,1,"Microsoft AI | Platform Engineering | Full-time | Greater Seattle Area, WA or Bay Area (Mountain View), CA | ONSITE (4 days/week) We're building the platform primitives that power  https://copilot.com",Backend Engineer,ML & AI
47233919,2026-03,AI|AWS|JavaScript|PostgreSQL|React|TypeScript,1,Instinct Science | Senior Full-Stack Engineer | REMOTE (US) | Full-Time | $150K–$175K Instinct Science is the AI leader in veterinary medicine - and we're just getting started. Our platform is already,Frontend Engineer,ML & AI
47231735,2026-03,AWS|Docker|JavaScript|NextJS|React|TypeScript,1,Confido Legal | Security Engineer (Senior Software Engineer – Security) | Remote (US) | Full-time Confido Legal is a fintech platform that helps legal tech companies and law firms embed payments and f,Frontend Engineer,Cloud
47251892,2026-03,AI,1,"Trunk |  https://trunk.io 
Tech Lead (CI & Test Data Platform) - San Francisco HQ and open to Relo
Marketing Lead (Developers) - Remote friendly 
Developer Advocate - San Francisco HQ and open to Relo",General Software Engineer,ML & AI
47228074,2026-03,AI|Machine Learning,1,"Stellar Science  | Hybrid (USA) Albuquerque NM, Washington DC (Tysons VA), Dayton OH | Full time, interns/co-ops | U.S. citizenship required |  https://www.stellarscience.com Company : We're a small s",ML / AI Engineer,ML & AI
47250582,2026-03,Unclassified,0,"Baton | Senior Software Engineer - Full Stack, Technical Lead / Software Engineer - Infrastructure, Data Platform | San Francisco, CA (Hybrid) | Full-Time Baton (baton.io) is Ryder's in-house product ",Unclassified,Other
47220096,2026-03,Rust,1,"yeet | Chicago, IL / Remote | Full-Time Building a dynamic runtime on top of the Linux BPF sub-system. Looking for extremely talented / passionate Rust developers / Backend Engineers with a deep inter",General Software Engineer,Languages
47231715,2026-03,AI|Machine Learning,1,"Code&Co | AI/ML Tech Due Diligence | Fully Remote (EU) | Full-time We are Code&Co. We conduct deep-dive technical due diligence for leading VC, PE, and Growth investors. We get a full ""under the hood""",ML / AI Engineer,ML & AI
47251873,2026-03,JavaScript|NextJS|Node.js|React|React Native|TypeScript,1,"Trayd | Engineers + Product / Ops Roles | NYC (ONSITE)
 https://buildtrayd.com https://jobs.ashbyhq.com/trayd Trayd is building the financial operating system for commercial construction. Contractors ",Frontend Engineer,Languages
47225833,2026-03,Unclassified,0,"Charge Robotics | Multiple Roles | Full-time | Onsite | SF Bay Area Hi HN! We’re a YC-backed, Series-A startup building robots that build large-scale solar farms. Check out a video of our first system",Unclassified,Other
47222698,2026-03,AI,1,"Ardent AI | Product Engineer | REMOTE (US) | Full time | $180-200K, 0.5-1.0% equity Ardent [0] is a well-funded, early-stage startup founded by an ex-Stripe engineer and three-time founder. We're buil",General Software Engineer,ML & AI
47222261,2026-03,Unclassified,0,"Zed Industries | North America, South America, Europe REMOTE |  https://zed.dev/  Zed is a company for developers, by developers. All 3 of our founders have spent years in the trenches writing softwar",Unclassified,Other
47226966,2026-03,AI,1,"Kroo | Product and Integrations SWEs | NYC, Hybrid | Full-Time | $110k - $200k + equity + health benefits Kroo is building the knowledge platform for construction, an industry that deeply needs more t",General Software Engineer,ML & AI
47242121,2026-03,Unclassified,0,Hi all. I'll maybe try to see if I can get this added to the list of search tools above but here is a tool that allows you to search (text and semantic / tags) as well as chat. Some people found this ,Unclassified,Other
47226444,2026-03,AI|C++|FastAPI|JavaScript|NextJS|Python|React|Rust|TypeScript,1,CodSpeed | Multiple Positions | On-site (Paris) / Remote (Europe) | Full-time |  https://codspeed.io We’re building the continuous performance optimization platform. We help engineering teams catch pe,Frontend Engineer,ML & AI
47230454,2026-03,AI|AWS|Machine Learning|PostgreSQL|PyTorch|Python|R,1,"LiveEO | Senior ML Engineer | Berlin, Germany | Hybrid | Full-time LiveEO leverages high-resolution satellite imagery and AI to provide actionable insights across industries—like protecting power grid",Backend Engineer,ML & AI
47220291,2026-03,JavaScript|PHP|React|TypeScript,1,"JustPark | London, UK (Hybrid with 2 days in office) | Lead Full-Stack Engineer JustPark is the premier partner offering both B2B solutions for destinations and B2C services for drivers, giving us the",Frontend Engineer,Languages
47220897,2026-03,Python,1,"Deep Systems | Senior DevOps Engineer | Remote EMEA, APAC, and Americas | Full-time I am building a DevOps team at a capital markets tech company most people haven't heard of — but some of the world's",Backend Engineer,Languages
47226189,2026-03,Git|Go,1,"Tangled | Distributed systems / Generalist Engineers (Go, Nix) | REMOTE (Global) Tangled is the next-generation social coding platform. We offer git repository hosting, stacked PRs, Nix-based CI and m",General Software Engineer,Other
47221356,2026-03,C++|Java|Rust,1,"OneChronos | Systems Engineers | NYC (HQ), London and Amsterdam | Flexible and Remote Work | Full-Time We offer a strong engineering culture and are looking for software engineers to design and optimi",Backend Engineer,Languages
47222596,2026-03,.NET|AI|AWS|C#|Go|Property Management Software|React,1,"Apex Dental Partners | Full-Stack Developer | Dallas, TX (Remote US or Hybrid) | apexdp.com We're a Dental Support Organization running 59 practices across TX/OK/CO/MO/IA/NE/TN/AZ. The unsexy industry",Frontend Engineer,Backend
47249264,2026-03,Go|Redis,1,"Stream | Multiple Positions | Amsterdam (NL), Skopje (North Macedonia) |  Boulder, CO (US) | Toronto (Canada)) | Remote possible | Full Time | Visa Sponsorship We are consistently hiring backend engin",General Software Engineer,Languages
47221096,2026-03,AI|AWS|JavaScript|NextJS|PostgreSQL|React|TypeScript,1,"Silkline | Senior Software Engineer | Seattle | ONSITE (5 days/week) | $175k-$225k + equity |  https://silkline.ai Modern hardware supply chains run on spreadsheets, email, and PDFs. It's like fax wok",Frontend Engineer,ML & AI
47224124,2026-03,AI|GCP|Go|Kubernetes|LLM|Python,1,Ford Motor Company | Cloud Site Reliability Engineer | Full-Time | Remote (US) | 113k-190k USD Visa Sponsorship Is not provided. Ford is seeking an experienced and passionate Site Reliability Engineer,Backend Engineer,ML & AI
47223097,2026-03,AI|Machine Learning,1,"VLM Run ( https://vlm.run ) | 1x Infrastructure Engineer + 2x AI/ML Engineer | Santa Clara, CA (HQ) VLM Run is building infrastructure for production Vision-Language Model (VLM) systems — fast inferen",ML / AI Engineer,ML & AI
47224026,2026-03,AI|AWS|Android|Ios|JavaScript|Machine Learning|Python|Rust|Scala|Terraform|TypeScript,1,"Radar Labs | Software Engineers (SRE, data platform, backend, full-stack, mobile) | Remote (US), NYC | Full Time |  https://radar.com - Radar is the geo-location dev tool - Doing 1B+ API calls per day",Backend Engineer,ML & AI
47259602,2026-03,Unclassified,0,"Upvest GmbH | Software Engineers (mid and senior) | SRE Lead | Berlin, Tallinn, London, or REMOTE in Germany, Europe | Full time At Upvest, we are on a mission to make investing as easy as spending mo",Unclassified,Other
47220172,2026-03,Unclassified,0,"OpenRent | London, UK | Full-Time | ONSITE+PART REMOTE |  https://www.openrent.co.uk What sucked the last time you rented a house or flat? Come and fix it. OpenRent is a force for good in an industry ",Unclassified,Other
47225739,2026-03,Go|JavaScript|TypeScript,1,"We have multiple openings for: QA Engineers, Go Engineers, Full Stack Typescript Engineers (Remote, Europe) About us: We're a fast-growing, strategy-first software studio. We design, build, and launch",Backend Engineer,Languages
47249936,2026-03,Unclassified,0,"Redbook | Staff Software Engineer | REMOTE (US) | $200k-$250k Redbook is the new software of reference for cattle feed yards. We're digitizing the $90B cattle industry, the largest vertical in agricul",Unclassified,Other
47243146,2026-03,AWS|MySQL|PHP|SQL,1,"TrueSpace | Full-Stack Engineer | Denver, CO | Hybrid / Remote TrueSpace helps make second-stage businesses better. We're building TrueScore, a metric to assess a company's ability to scale, and Trudy",Cloud Engineer,Cloud
47224874,2026-03,Go,1,CrossnoKaye | Sr. Software Engineer in Test | REMOTE (US) Hi HN! CrossnoKaye is a Series C startup tackling climate change by transforming the heavy industrial sector. Our platform uses real-time opti,General Software Engineer,Languages
47248851,2026-03,Unclassified,0,"Engineering Square | Telecom Solution Engineer | New York, NY | HYBRID | Contract 12+ Months Senior Telecom Solution Engineer / Solutions Architect to lead a Channel Bank and legacy telecom retirement",Unclassified,Other
47227102,2026-03,React|Redux|Svelte,1,"THINKalpha | Senior Frontend Engineer | Remote | Full Time We're building alphaLENS ( https://alphalens.io ), a suite of tools for professional market research and trading. Public registration opens i",Frontend Engineer,Frontend
47267122,2026-03,Unclassified,0,Decise | Principal Engineer & Technical Strategist | Remote (US) | Fully Remote | Contract (1099) Decise is a hands-on advisory and delivery firm that helps organizations unlock the full value of thei,Unclassified,Other
47221046,2026-03,AI|Swift,1,"Osaurus | Full-Time | Remote | Protocol Engineer Osaurus is a native macOS AI platform. The core idea: inference is a commodity — everything else (context, memory, tools) should be owned by you, local",General Software Engineer,ML & AI
47255238,2026-03,AWS|Go|Rust,1,"Prelude | Paris | ONSITE | Full-time Send verification messages anywhere in the world with the best prices, top deliverability, and zero spam with Prelude - the SMS API powering your growth. https://p",Cloud Engineer,Cloud
47224089,2026-03,AI|JavaScript|NextJS|React|TypeScript,1,Level | Senior Frontend Engineer | REMOTE (US + international with US-ET overlap) |  https://level.io Level builds a modern Remote Monitoring & Management (RMM) platform for IT teams and Managed Servi,Frontend Engineer,ML & AI
47248331,2026-03,AI|Elasticsearch|PostgreSQL,1,Senior Backend Engineer (Architecture & AI Systems) | Vienna / Remote (Europe) | Full-time | Salary + equity Early-stage startup building an AI platform that helps architecture and engineering teams r,Database Engineer,ML & AI
47242928,2026-03,AI|JavaScript|Machine Learning|Python|React|Ruby|TypeScript,1,"Prophet Town LLC | Various Software Engineering Roles | US – Remote and Hybrid | English fluency required | Full-time | $150K-$260K annual total comp (multiple) I’m the founder, trying to do “enlighte",Frontend Engineer,ML & AI
47222587,2026-03,AI|Machine Learning,1,"Hey HN, this is Louis, co-founder at SightlineOS. Yusha, Derrick, and I are building an AI-native supply chain operating system for restaurant chains. It’s a massive, overlooked space with deeply unde",ML / AI Engineer,ML & AI
47223255,2026-03,AI|Machine Learning,1,"Horison.ai | Applied Research Engineer + ML/AI Engineer | London, UK (Onsite/Hybrid) Horison is building the intelligence substrate for private capital - not another RAG wrapper, but a foundational pl",ML / AI Engineer,ML & AI
47220503,2026-03,AI,1,"Product incubator | REMOTE (US) | Consulting (1099) We are a small team with a wide network, bringing ideas to market with a focus on simplicity and trust. Clients a mix of early-stage and enterprise.",Solutions Architect,ML & AI
47241620,2026-03,AI|AWS|Azure|Docker|GCP|JavaScript|NextJS|Python|Rust|Terraform|TypeScript,1,"Mobasi | Founding Engineer | Austin, TX / Remote | $240k + Profit Sharing |  https://mobasi.ai Mobasi builds autonomous AI agents for digital forensics. Our software orchestrates 150+ forensic tools t",Frontend Engineer,ML & AI
47222857,2026-03,Docker|Go|PostgreSQL,1,"Youth Inc. | Staff Engineer / Technical Lead | Hybrid Boston, Hybrid Chicago or Fully Remote (US) for exceptional candidate Youth Inc. is a venture-backed e-commerce marketplace focused exclusively on",DevOps Engineer,DevOps
47219749,2026-03,Data Warehouse,1,"PostHog | Full-Time | Product engineers, backend engineers, Technical AMs | REMOTE (all remote) | Hiring GMT-8 to GMT+2 PostHog equips developers to build successful products by combining product anal",General Software Engineer,Other
47256159,2026-03,Unclassified,0,LiveKit | VoiceAI | webRTC | Remote | Full Time | [ http://livekit.io/ ] LiveKit is building the infrastructure layer for the voice-driven era of computing. Our platform gives developers everything th,Unclassified,Other
47220446,2026-03,AWS|JavaScript|Node.js|PostgreSQL|Python|React|TypeScript,1,"Nova Credit | Remote (US, Canada) We're building a unified platform for credit and financial data to power financial inclusion globally. Our mission is to unlock economic opportunities for consumers h",Frontend Engineer,Cloud
47226440,2026-03,AI|AWS|Design Hardware|Docker|Git|Go|JavaScript|Python|Rust|Terraform|TypeScript|Vue,1,AllSpice.io | Remote (US time zones) | Senior / Principal Engineers | Full-time Think of github but for hardware design. (PCB and Schematics design). Our mission is to bring the same modern workflows ,Frontend Engineer,ML & AI
47240899,2026-03,AI|AWS|Azure|GCP|Machine Learning|PyTorch|Python|TensorFlow,1,"ML6 | Machine Learning Engineer, Data Engineer | Python, TensorFlow, PyTorch, GCP, AWS, Azure | Full-time | Amsterdam, Berlin, Munich, Eindhoven, Ghent (EU) On-site/hybrid We are a Machine Learning co",Backend Engineer,ML & AI
47220060,2026-03,Unclassified,0,"Electric Twin | London, UK | Hybrid (4 days/week in office) Electric Twin builds simulations of real customer audiences, so teams can test decisions before shipping them — fast, safely, and at scale. ",Unclassified,Other
47221913,2026-03,Unclassified,0,"Tandem Health | Software Engineers | On-site in Stockholm, Sweden | Full time At Tandem Health we're building a clinician copilot to allow clinicians to focus on care rather than administration. We’re",Unclassified,Other
47249983,2026-03,AI|AWS|Azure|Docker|Grafana|Helm|Kubernetes|Prometheus|PyTorch|Python|Redis|Terraform|Unreal Engine,1,Blackshark AI | Software Engineers & Platform Engineers  | Full-time | Austria or Remote EU Hours | VISA sponsorship available We build geospatial AI infrastructure. Our platform lets analysts train c,Backend Engineer,ML & AI
47249945,2026-03,AI,1,"Stealth | Founding Engineer (Distributed Systems) | San Francisco | ONSITE We are building cost attribution and observability for AI workflows. We correlate application traces, model usage, and infras",General Software Engineer,ML & AI
47221273,2026-03,Unclassified,0,"HqO | Senior Software Engineer | Boston, MA | Onsite HqO is the leading real estate experience platform — we help commercial real estate teams and enterprises create better workplaces through digital-",Unclassified,Other
47220916,2026-03,Git|Java|PostgreSQL,1,"Mezzanine | Senior Java Developer and Architect  | Stellenbosch, South Africa/hybrid/REMOTE possible (but ONLY if you live in SA already) | Full-time Mezzanine designs and builds digital technology so",Backend Engineer,Other
47235390,2026-03,AI|Machine Learning,1,"Mobian is hiring Senior / Staff Engineers (Remote, Global) — AI-First Systems + Rapid Prototyping Mobian is a brand safety, contextual intelligence, and measurement company working with the world's la",ML / AI Engineer,ML & AI
47246611,2026-03,AI|JavaScript|Node.js|PostgreSQL|React|SQL|TypeScript,1,"Colonist | Full-Stack Product Dev | Remote (Eastern Europe / SEA) | Full-time Colonist.io ( https://colonist.io/ ) is a multiplayer web strategy game with millions of players, think Catan, but free an",Frontend Engineer,ML & AI
47232486,2026-03,AI|PostgreSQL,1,CVector | Senior Software Engineer – Backend & AI Infra | New York City (FiDi) | ONSITE | Full-time | VISA SPONSORSHIP CVector builds software to bring real-time economic optimization and AI predictio,Database Engineer,ML & AI
47241561,2026-03,Airflow|BigQuery|GCP|Machine Learning|Python|Redis,1,"Beatdapp | Data Platform Engineer | Vancouver, Canada | ONSITE (Hybrid) | Full-time Beatdapp is a ~50-person venture-backed startup that helps music streaming platforms detect and eliminate fraud. We ",Backend Engineer,Data Engineering
47236558,2026-03,Oidc|Saml,1,"Bloomberg | Senior Software Engineer | Hybrid (NYC) | Full-time | $160k - $240k USD + bonus Every day, Bloomberg’s clients rely on secure and seamless access to our products. Our team makes that possi",General Software Engineer,Other
47241526,2026-03,AI|Ios,1,"SwingVision is the AI tennis & pickleball app that provides automated stats, highlights, and line calling using just your phone. Our mission is to democratize the pro sports experience for all athlete",General Software Engineer,ML & AI
47236437,2026-03,AI|Python|React|Swift,1,"Littlebird.ai | Sr. AI SWE's + React/RN + Product Analyst | Global+remote | Full-time Littlebird is your AI-powered personal operating system. We capture context from your daily life -- meetings, mess",Frontend Engineer,ML & AI
47225096,2026-03,AI|Ios|Kotlin|Pushscroll|Swift,1,Pushscroll | Full-Stack Mobile Engineer (KMP) | REMOTE (GMT-3 to GMT+4) We make people do push-ups before opening addictive apps - verified through camera pose detection. Our goal is to replace doomsc,General Software Engineer,ML & AI
47238829,2026-03,Go|Python|Rust,1,"Estuary | US-Based / Remote | Full-time –  https://estuary.dev/ Estuary is a VC-backed, post–Series A startup powering right-time data replication and transform — from sub-second CDC replication to te",Backend Engineer,Languages
47233701,2026-03,AI|AWS,1,"Puntt.ai | Full-time | SF | Hybrid About Puntt.ai Our mission is to free humanity from meaningless work. We are building the System of Record for Enterprise Compliance, turning hours of manual, high-s",Cloud Engineer,ML & AI
47250277,2026-03,AWS|Scratch|Tailwind|Vue,1,"COMPANY: Tvrtle
ROLE: Founding Full Stack Engineer
LOCATION: Remote
COMMITMENT: Part-time / flexible
COMPENSATION: Equity
TECH: Laravel, Vue, Tailwind, AWS Tvrtle is building a portfolio of software p",Frontend Engineer,Cloud
47231977,2026-03,GCP|JavaScript|Nestjs|PostgreSQL|React|TypeScript,1,"Upway | Software Engineers (All levels), Senior Product Designer, Senior Product Managers | Full-time | Paris (ONSITE) We’re building the biggest bike shop in the world. Upway is the leading marketpla",Frontend Engineer,Cloud
47241776,2026-03,JavaScript|Ruby,1,Substantial | Senior/Staff Software Developer | REMOTE (US) | Contract (potential for full-time) Substantial is a technology consulting company. I'm looking to add someone to my team working with a lo,Backend Engineer,Languages
47259420,2026-03,Unclassified,0,"Doconomy | Customer Solutions Engineer | Stockholm, Sweden | REMOTE (EU) | Full-Time https://doconomy.teamtailor.com/jobs/7291339-customer-soluti... Doconomy, a market leader in impact technology, ded",Unclassified,Other
47220761,2026-03,Python|Rust,1,"Smarkets ( https://www.smarkets.com ) | Full Time | Hybrid - Onsite (London, UK) Smarkets runs one of the world’s most sophisticated prediction markets, handling over £29 billion in volume since 2010 ",Backend Engineer,Languages
47230068,2026-03,Go,1,"Arenko (energy transition/batteries and renewables) | London, UK | 2x/week in office We work on industrial/grid-scale batteries and other renewable generation: monitoring, managing and trading them on",General Software Engineer,Languages
47233197,2026-03,JavaScript|Node.js|Python|React|TypeScript,1,"Findigs | Full-time | NYC | 3x/week in office (M,T, Th) | findigs.com At Findigs, we’re transforming the rental experience — making it fairer, stress-free, and more convenient by changing the fundamen",Frontend Engineer,Languages
47231211,2026-03,AI|JavaScript|Python|TypeScript,1,"Zo Computer | Systems Engineer, Product Engineer | NYC or SF | Full-time Imagine having an entire software company working just for you – housing all your personal data, proactively working in the bac",Backend Engineer,ML & AI
47244862,2026-03,Docker,1,"Tracebit |  https://tracebit.com  | London/New York| Full-Time Tracebit is an Accel backed, UK founded security product company taking a new look at canaries for intrusion detection. We work with some",DevOps Engineer,DevOps
47220667,2026-03,JavaScript|Python|SQL,1,"Level 12 | Full Stack Web Developer - Python, JavaScript, SQL | Mid-Level & Senior | REMOTE | SALARY:$95K-145K+ |  https://www.level12.io/careers/ Level 12 is a software consulting and custom developm",Backend Engineer,Languages
47227874,2026-03,Unclassified,0,Innolitics | Software Engineering | Remote (Continental US) | Full Time Innolitics is a remote-first company specializing in medical device software development and FDA regulatory consulting. Since 20,Unclassified,Other
47226145,2026-03,Unclassified,0,"Yuzu Health (yuzu.health, Series A) | Location: New York City (Flatiron) | ONSITE
Pitch: Yuzu is not a wrapper, point solution, or integration on top of something. Our platform makes it easy for anyon",Unclassified,Other
47244856,2026-03,AI|Rust,1,9 Mothers Defense | Robotics / Audio Engineers | Austin TX | Full-time | ONSITE We're building AI-driven turrets that stop hostile drones - where robotics needs F1-level speed. We're looking for smart,General Software Engineer,ML & AI
47224354,2026-03,AWS|Design Hardware,1,"Yotta Navigation | Senior AWS Cloud Engineer / Backend / | REMOTE or ONSITE| Santa Clara, CA We design hardware and software for IoT devices and are expanding our cloud team. We are looking for someon",Cloud Engineer,Cloud
47229930,2026-03,AI|AWS|JavaScript|PostgreSQL|Python|React|TypeScript|Unreal Engine,1,"Journee | Berlin, Germany, Europe | REMOTE (CET +/- 2h) | Full-time |  https://journee.ai  &  https://ojin.ai/ ========== Journee is a technology startup founded in 2020. Our in-house low-latency stre",Frontend Engineer,ML & AI
47229571,2026-03,AI|LLM|Machine Learning,1,"Senior Machine Learning Engineer – LLM & Reinforcement Learning (m/f/d)
€160.000+ | Full-Time | ONSITE As a Senior Machine Learning Engineer at warmwind your work will drive our next-gen AI models, sh",ML / AI Engineer,ML & AI
47227901,2026-03,AI,1,"Signal 1 AI | Full Time | Hybrid (Toronto, Canada) Signal 1 helps health systems accelerate AI adoption with a category defining technology platform. Signal 1’s first product, the AI Management System",General Software Engineer,ML & AI
47219823,2026-03,LLM|Machine Learning,1,"Prior Labs | Berlin / Freiburg / NYC | ONSITE & REMOTE (EU) | Full-time Tables power every clinical trial, financial model, and scientific experiment, but deep learning has mostly ignored them. No nat",ML / AI Engineer,ML & AI
47230041,2026-03,Unclassified,0,"CLASSIC.COM | Software Engineer (Elixir) | Remote (Eastern Timezone) | Full Time |  https://www.classic.com We are building CLASSIC.COM a comprehensive platform for classic, collectible, and rare auto",Unclassified,Other
47222944,2026-03,JavaScript|React|TypeScript,1,"Prequel | Software Engineers (backend or full-stack) | NYC (ONSITE) | $170k-$210k | prequel.co Prequel enables software companies to sync data to their customers' data environments, at massive scale. ",Frontend Engineer,Languages
47230741,2026-03,AI|Machine Learning,1,"Pennylane | Machine Learning Manager | Remote or Hybrid from Paris | Full-time We aim to become the most beloved financial Operating System of French SMEs and Accounting Firms (and soon, European ones",ML / AI Engineer,ML & AI
47234131,2026-03,Unclassified,0,"Rover | Barcelona, Spain & Seattle, USA | Analytics (Multiple Roles) | Full-time
Rover is the world’s largest online marketplace for pet care. We connect millions of pet parents with trusted sitters a",Unclassified,Other
47229094,2026-03,C++|GCP|Unreal Engine,1,"Avanti | Gameplay Developer / Unreal Engine Developer | Stockholm, Sweden | Onsite/Hybrid | Full Time Now we are looking for a Gameplay Developer / Unreal Engine Developer who wants to build the syste",Cloud Engineer,Languages
47223666,2026-03,AI|Pandas,1,"Quadrillion (quadrillion.io) | Member of Technical Staff | NYC (ONSITE) | Full-time | $175K-$350K + generous equity We build agents that companies can deploy for computational research. In particular,",General Software Engineer,ML & AI
47224649,2026-03,AI,1,CoPlane ( https://coplane.com/ ) | Forward Deployed Engineer | NYC | Full Time The world doesn't need another ERP. CoPlane is building the Agentic Orchestration platform that enables enterprises to or,Solutions Architect,ML & AI
47230726,2026-03,AWS|Docker|PostgreSQL|Rabbitmq|Ruby,1,"Newbuilds | Remote Senior Ruby on Rails Developer | Remote (Europe) | Full-time Newbuilds is hiring a Senior Ruby on Rails Developer to help scale a widely used proptech marketing platform, a Norway-b",Backend Engineer,Cloud
47222692,2026-03,AI,1,"Modal | Software Engineers (Product, System, SDK) | SF, NYC (ONSITE) | Full Time | modal.com Modal builds the serverless cloud used by many of the most popular AI companies you've heard of. People use",General Software Engineer,ML & AI
47224880,2026-03,JavaScript|Node.js|Python|React|Ruby|TypeScript,1,"Goody | Remote | $150–250K + equity and benefits | North/South America | Full-time I'm Mark, the technical co-founder and CTO at Goody. We're building a gifting product that every business can use to ",Frontend Engineer,Languages
47225714,2026-03,AI,1,"New Lantern |  https://newlantern.ai  | Software engineers (frontend and backend product engineers) | Full time in San Francisco, CA (ONSITE) New Lantern is building an AI radiology resident—think Cur",General Software Engineer,ML & AI
47222314,2026-03,C++|Machine Learning,1,"Medtronic | Principal / Senior Software Engineers | Metro Boston Area, MA | Onsite We’re hiring principal-level software engineers to join the former Affera team — now part of Medtronic — building nex",ML / AI Engineer,Languages
47227320,2026-03,Unclassified,0,"We're actively hiring, lots of positions. WEX is an international Fintech company. Most positions are being recruited as on-site roles, must be located near or willing to relocate to one of our locati",Unclassified,Other
47220380,2026-03,Unclassified,0,"MONUMENTAL |  https://www.monumental.co/  | Amsterdam, The Netherlands | Full Time | Onsite We make robots that autonomously construct buildings. We are currently developing and manufacturing our auto",Unclassified,Other
47221603,2026-03,AI|Java|JavaScript|Kotlin|LLM|React|Scala|TypeScript,1,Starbridge | Senior Engineers (Kotlin/Java/React/Typescript) | NYC or Remote | Full-time | starbridge.ai Starbridge is building an AI platform that turns large-scale public and enterprise data into re,Frontend Engineer,ML & AI
47221072,2026-03,AI,1,Phaselaw | Support Engineer | Remote (UK) | Full-time Phaselaw ( https://phase.law ) is building the AI-native eDiscovery platform for in-house legal and privacy teams. We save teams thousands of hour,General Software Engineer,ML & AI
47221922,2026-03,AI,1,"Fractional AI | Senior/Staff Software Engineer | SF, NY, NC, Dubai | Onsite We’re a team of experienced generalist SWEs and AI enthusiasts who are building custom AI agents for enterprise clients. You",Solutions Architect,ML & AI
47222459,2026-03,Data Warehouse|Go|Kubernetes|SQL,1,"ClickHouse | Senior Cloud Software Engineer - Distributed Systems / Cloud Databases / Kubernetes | Remote
Hiring in the US right now. Seniors/Staff/Principal levels. ClickHouse is a popular, Open-Sour",DevOps Engineer,Other
47222579,2026-03,Unclassified,0,"A24 Films (Labs Division) | Two Openings | Full time | Onsite/Hybrid (NYC) We do movies, ping pong blimps, etc Senior DevOps Engineer/SRE/Platform Engineer:  https://labs.a24films.com/jobs/devops UI/U",Unclassified,Other
47230205,2026-03,Unclassified,0,"Jahia | Full-Time | Remote France | SaaS B2B CMS Software Editor | Jahia started its life as a CMS platform, and evolved since then into a digital experience platform (DXP) serving customers who eithe",Unclassified,Other
47220402,2026-03,GCP|JavaScript|LLM|Machine Learning|Python|React|TypeScript,1,Layer Health |  https://www.layerhealth.com/  Amazing (and no ego) engineering team:  https://www.linkedin.com/company/layerhealth/people/ Location: BOSTON (Boston Common) or NYC (downtown) - hybrid i,Frontend Engineer,Cloud
47222239,2026-03,AWS|Ansible|Go|Kubernetes|Saltstack|Terraform,1,Spacelift | Remote (Europe) | Full-time | Senior Software Engineer | $80k-$110k+ (can go higher) We're a VC-funded startup (recently raised $51M Series C) building an infrastructure orchestrator and c,DevOps Engineer,Cloud
47220185,2026-03,LLM|R,1,"Uncountable | NY, SF, London & Munich (In-Person) | Full-Stack Engineering  https://www.uncountable.com/hiring/hn Uncountable accelerates R&D for industrial scientists across leading materials, chemic",ML / AI Engineer,ML & AI
47225302,2026-03,AI|AWS|Azure|Docker|GCP|Langchain|Machine Learning,1,"Hey HN — Adobe is hiring an AI Agent Engineer.
My team is building Adobe’s next‑gen, AI‑first marketing platform, and we’re looking for an engineer to design and ship production‑grade AI agents at ent",DevOps Engineer,ML & AI
47230207,2026-03,AI|Python,1,Climatealigned | Onsite | London We've spent the last three years making climate finance data at a fraction of the time and cost using AI. We started pre GPT and have continued to evolve and rebuild o,Backend Engineer,ML & AI
47229724,2026-03,Unclassified,0,Refurbed | Senior Data Scientist | Austria | EU remote | full-time We're looking for a senior data scientist with marketplace experience for our very international remote first company in sustainable ,Unclassified,Other
47221453,2026-03,Django|JavaScript|Python|React|TypeScript,1,"RINSE | REMOTE or San Francisco, Los Angeles, Chicago, Boston, New York, New Jersey, Seattle, Austin, Toronto, or Washington DC | Software Engineer | Full-Time | Salary: $80k-$200k USD |  https://www.",Frontend Engineer,Backend
47219705,2026-03,AI|AWS|JavaScript|LLM|Node.js|PostgreSQL|React|TypeScript,1,PrairieLearn (Remote US) — Full-Stack Software Engineer — TypeScript / Postgres / React / AI PrairieLearn ( https://www.prairielearn.com ) is an open-source assessment platform used by universities ac,Frontend Engineer,ML & AI
47222340,2026-03,Django|Kubernetes|Python|React,1,"Halfpricesoft | Founding Engineer | Berkeley, CA | ONSITE | $175k - $210k + Equity
Halfpricesoft has quietly dominated the small business payroll and tax compliance space for 20 years. We are a profit",Frontend Engineer,Backend
47223968,2026-03,AI|AWS|Django|LLM|PostgreSQL|Python|Redis|SQL,1,Courted ( https://courted.io ) | Senior Backend Engineer | NYC (In-Office 3-4 days) | Python/Django We're building AI-powered recruiting and market intelligence for real estate — an industry that move,Backend Engineer,ML & AI
47222447,2026-03,AI,1,"Decisionly | Senior Software Engineer (Backend) | Full Time | Remote (US based) Decisionly is building AI-powered dispute decisioning for card issuers, eliminating cost and enabling compliant, scalabl",General Software Engineer,ML & AI
47222201,2026-03,AI|Machine Learning,1,"Constellation Finance | Multiple Engineering Roles | New York, NY | Hybrid |  Full Time At Constellation, we are building a future where technology is the lethal advantage in credit investing. Credit ",ML / AI Engineer,ML & AI
47221995,2026-03,AI|Computer Assisted Language Learning|JavaScript|Ruby|SQL,1,"CareMessage | Senior Software Engineer I (L3), Messaging Team | Full-Time | Remote CareMessage is a healthcare technology nonprofit that powers patient communication for 400+ safety-net healthcare org",Backend Engineer,ML & AI
47222923,2026-03,AI|Docker|JavaScript|Machine Learning|NextJS|Optical Character Recognition Software|PostgreSQL|React|TypeScript,1,OmniAI (YC W24) |  https://getomni.ai  | Full Stack Engineers | SF In-Person | Full Time | $125k–$200k • 0.50%–1.50% Tech stack: TypeScript | Node | React/Next.js | Postgres | Docker | K8s | LLMs We’r,Frontend Engineer,ML & AI
47224017,2026-03,AI|Ruby,1,"Vantage | Senior/Staff Software Engineers | NYC and Remote | Full Time
Vantage is an a16z-backed FinOps / Cloud Cost Management platform that helps 15,000+ organizations globally like Block, Vercel, T",Backend Engineer,ML & AI
47222105,2026-03,AI|Kubernetes|Machine Learning,1,"Nuance Labs | Multiple Engineering Roles | Seattle, WA | ONSITE |  https://www.nuancelabs.ai Nuance Labs is building the first ""human foundation model"" that understands and expresses human emotion in ",DevOps Engineer,ML & AI
47225180,2026-03,AWS|Docker|FastAPI|Kafka|Python|Redis,1,Ro | NYC | Hybrid (2 days/week in-office) | Full-time Senior/Staff Python Engineers for our patient experience and core teams! Ro is building an end-to-end healthcare platform (telehealth + labs + pha,Backend Engineer,Cloud
47224677,2026-03,Data Engineering|JavaScript|Machine Learning|React|Ruby|Tailwind|TypeScript,1,"Sitewire | Full Stack Engineer | Full-Time | REMOTE (US-only) |  https://sitewire.com Learn more or apply at  https://wellfound.com/l/2zf9K9  - I personally review every application, so just mention y",Frontend Engineer,Other
47236670,2026-03,AI|JavaScript|React|Redis|Ruby|TypeScript,1,Tangible Materials | AI Engineer | Remote (US/Canada) | Full-time | $140k - $160k USD + equity at seed startup. Tangible Materials helps the construction industry to make better decisions around build,Frontend Engineer,ML & AI
47220980,2026-03,Go,1,"Aqora | Quantum Computing Expert | Full-time | Paris (HQ) or Remote (Europe) We're building the go-to hub for quantum computing, focused on organizing quantum hackathons and competitions globally as w",General Software Engineer,Languages
47221864,2026-03,C#|MongoDB|PHP|Python|React|Ruby|Rust,1,SerpApi |  https://serpapi.com  | Junior to Senior Fullstack Engineer multiple positions | Customer Success Engineer | Hiring Coordinator | Python/Ruby/PHP/Js/Rust/Cotlin/C#/Crystal/Nim/Elixir Develop,Frontend Engineer,Languages
47221397,2026-03,AI,1,"Back by Sequoia Capital, Peregrine is the operational AI platform powering decision making and operations SF / NYC / DC | In-office 4 days | $130,000 - $275,000 [Leadership] Engineering Manager (SF)  ",General Software Engineer,ML & AI
47220999,2026-03,AI|AWS|Machine Learning,1,"Neoteny AI | Founding Researcher | REMOTE (US East Coast/Europe) / ONSITE (London, NYC) Neoteny AI is building the sovereign intelligence layer for code. We are a team of builders from Meta, AWS, and ",Cloud Engineer,ML & AI
47221116,2026-03,AI,1,Gen-Alpha Transistor | Member of Technical Staff (SW Generalist) | Full-Time | Onsite (San Francisco) |  https://generation-alpha-transistor.com/ Generation Alpha Transistor (Gen-Alpha) is a San Franc,General Software Engineer,ML & AI
47230209,2026-03,Unclassified,0,"Checkly | Multiple Roles | REMOTE | Full time |  https://www.checklyhq.com/ Checkly helps engineers build reliable products by unifying testing, monitoring and observability. OpenTelemetry, Playwright",Unclassified,Other
47223570,2026-03,C++,1,"SkySafe ( https://skysafe.io ) | Wireless Engineer (SDR) | San Diego, CA | ONSITE (Hybrid) At SkySafe we build drone detection and tracking at scale. I am looking for a Wireless Communications Enginee",General Software Engineer,Languages
47219704,2026-03,Unclassified,0,Temporal Technologies | Multiple positions in United States - WORK FROM HOME | FULL-TIME | Temporal offers an entirely new way to build scalable and reliable applications. Temporal enables developers ,Unclassified,Other
47221630,2026-03,AI|FastAPI|GCP|Kubernetes|PostgreSQL|Python|React|Vite,1,"Tetricus Labs |  https://www.tetricuslabs.com/  | Full-Stack Engineer (Contractor) | Full-Time | Remote (APAC, UTC+5:30 to UTC+10:00) AND Remote (US) We're a health tech startup building Personily, a ",Frontend Engineer,ML & AI
47221911,2026-03,AI,1,"PlantingSpace | Full-time | Remote (EU time zone) + Quarterly Meet-ups |  https://planting.space We’re building an AI system for analysts and scientists, based on a fundamentally new approach to reaso",General Software Engineer,ML & AI
47228437,2026-03,AI|JavaScript|React|TypeScript,1,"Onton.com | Fullstack & Research Engineers | San Francisco, CA | Hybrid
Join us in pioneering the future of e-commerce search. 1M+ MAU growing rapidly. Large seed round raised from top-tier VCs and in",Frontend Engineer,ML & AI
47220242,2026-03,Unclassified,0,"Sienna Charles | IT System Admin / IT Support Role | Remote or In-Office NYC | Full time Sienna Charles, an ultra luxury travel and lifestyle experiences company, is seeking a full time System Adminis",Unclassified,Other
47229954,2026-03,JavaScript|MongoDB|Node.js|Raycast|Redis|TypeScript,1,"Featurebase | Full-stack Product Engineer | REMOTE (EU) | Full-time Modern customers support & product feedback platform powering thousands of teams, including Lovable, Raycast, and n8n. Fully bootstr",Backend Engineer,Languages
47246546,2026-03,Unclassified,0,Common Prefix – Software Engineers / Auditors / Support Engineers – Greece – Remote – Full-Time Common Prefix is a science-first blockchain consulting company. Our vision is to make blockchains usable,Unclassified,Other
47220521,2026-03,Git|Go,1,"Comper | Software Engineer #2 (Frontend focus)  | €80-110k + equity | Utrecht, The Netherlands | ONSITE |  https://comper.io We make software landscapes understandable and explorable. Our canvas is zo",General Software Engineer,Other
47245282,2026-03,Unclassified,0,Spotlytt |  https://spotlytt.com  | Remote or Mumbai | Full-Time Spotlytt is a skill discovery platform for professionals to showcase their skills through videos and audios. Let people see what you re,Unclassified,Other
47231224,2026-03,Django|FastAPI|JavaScript|Python|React|TypeScript,1,"Neocom | Senior Python Engineer | Onsite | Munich, Germany | Full-time Neocom is a digital shop agent for online shops. Customers can chat naturally, get clear guidance, and find the right product fas",Frontend Engineer,Backend
47219700,2026-03,AI|Helm|Kubernetes|Python|React,1,"UbiOps | Junior/Medior DevOps and Python Engineers | Hybrid Onsite (The Hague, The Netherlands) | Full-time At UbiOps ( https://ubiops.com ), we make a platform to deploy AI and other workloads on any",Frontend Engineer,ML & AI
47220986,2026-03,Unclassified,0,"Apple | Senior Software Engineer - Transparency | San Diego, California, US | ONSITE (3 days/week in office) We're looking for software engineers to join a team focused on transparency services. These",Unclassified,Other
47220989,2026-03,Unclassified,0,"Impinj | Hybrid in Seattle, WA | Intern (Summer 2026) |  https://www.impinj.com/ Impinj is a leading RAIN RFID provider connecting everyday physical items — retail apparel, healthcare supplies, airlin",Unclassified,Other
47222398,2026-03,AWS|Docker|JavaScript|NextJS|Tailwind|Terraform|TypeScript,1,Odyssey | Full Stack Engineer | Hybrid | Full-time | NYC | $160k - $180k + Equity Odyssey is building the leading financial technology platform for school choice. We help families access funding for t,Frontend Engineer,Cloud
47224903,2026-03,AI|AWS|JavaScript|PostgreSQL|TypeScript,1,"Temper | Founding Engineer | SF (In-Person) | $150K–$250K + Equity |  https://ontemper.com Every time two companies in the physical economy need to exchange data, someone builds a custom integration b",Backend Engineer,ML & AI
47233376,2026-03,AI|GCP|JavaScript|Kubernetes|Machine Learning|Python|TypeScript,1,Hiring – REMOTE LATAM - We build AI tools that help high-volume law firms manage their caseloads more efficiently. Our first product—an AI assistant that transcribes and classifies inbound calls—is in,Backend Engineer,ML & AI
47229567,2026-03,Java|React|React Native,1,TantumPay | Java Developer / Web & React Native Developer | Europe (CET) | Remote | Full Time We're a FinTech company reinventing high-risk-market payments with an integrated digital identity layer. O,Frontend Engineer,Languages
47222672,2026-03,Unclassified,0,"Coast | Platform Engineer (Security), DevSecOps Engineer | Hybrid | NYC | $160,000 - $180,000 Coast is re-imagining the trillion-dollar U.S. B2B card payments infrastructure, with a focus on the count",Unclassified,Other
47239774,2026-03,AI|NextJS|React,1,"Comulate | Senior Engineer (3+ YoE) | ONSITE in San Francisco, CA We're building automation software for the $7T insurance industry, accelerated by AI. Seed stage in terms of headcount (~ 20 people) b",Frontend Engineer,ML & AI
47219791,2026-03,AI|Angular|Django|FastAPI|MySQL,1,YCharts | Software Engineer | Full-Time | REMOTE (US only) | 140k - 180k USD + benefits |  https://ycharts.com YCharts is an investment research platform that financial advisors and asset managers use,Frontend Engineer,ML & AI
47225888,2026-03,JavaScript|React|TypeScript,1,Journalytic | UI Developer (React/TypeScript) | REMOTE (US time zones) | Full-time Journalytic is an early-stage company building a mission-critical operating system for professional investment teams.,Frontend Engineer,Languages
47222073,2026-03,AI|Python,1,"EggAI | AI engineer | REMOTE (EU, Switzerland, Norway) | Full-time or Contract We are looking for an AI engineer, with 2+ years of hands on experience with production-deployed AI. We are a small bouti",Backend Engineer,ML & AI
47224165,2026-03,LLM,1,"https://ando.work/  is revolutionizing life for 100Ms of hourly workers with shift schedules and assignments that fit their lives, their families, second+ jobs and hobbies, personalities, commutes, et",ML / AI Engineer,ML & AI
47226282,2026-03,AI|AWS|Express|JavaScript|React|TypeScript,1,"Heard | Senior Software Engineer (Full-Stack) | Seattle | HYBRID | Full-time We just crossed $11M ARR and 5,000 customers -- all therapists and mental health providers who trust us to run their financ",Frontend Engineer,ML & AI
47227409,2026-03,Java,1,"FusionAuth | Senior Java Engineer, Technical Support Engineer, Account Executive , Solutions Engineer | Varies between REMOTE (in USA, also in Europe but only for the account exec/solutions engineer p",Backend Engineer,Languages
47230320,2026-03,AI|Machine Learning,1,Glitch is building the AI agent for Advertising Glitch creates Ad Campaigns 10x faster than a human that perform 5 times better. Even if the human uses AI. We need Engineers who want to tackle hard pr,ML / AI Engineer,ML & AI
47220120,2026-03,Unclassified,0,Category Labs |  https://www.category.xyz/  | Remote and NYC | Full Time | $200K USD+ Category Labs (formerly known as Monad Labs) is a team of systems engineers and researchers on a mission to design,Unclassified,Other
47236366,2026-03,AWS|Python|React,1,"Reckon Digital | Full-Stack Software Engineer | UK or remote | Python, React, AWS We are looking for an experienced Full-Stack Software Engineer to work with us on an upcoming project for a large huma",Frontend Engineer,Cloud
47225052,2026-03,Unclassified,0,Sphinx Defense | Software Engineering | Remote (US Only) |  https://www.sphinxdefense.com Sphinx Defense builds software to solve complex national security problems for America and its allies. Founded,Unclassified,Other
47225273,2026-03,AI|AWS|React|Terraform,1,Avantos.ai |  https://avantos.ai  | Sr Software Engineer | St. Louis or NYC | 150-200k We're building an AI notetaker and task management tool for financial advisors. Startup is headquartered in NYC. ,Frontend Engineer,ML & AI
47219734,2026-03,Unclassified,0,"Sheer Health ( https://www.sheerhealth.com ) | New York, NY | Full-Time | ONSITE If you or a loved one has ever suffered from confusing/egregious medical bills or insurance communications, this is you",Unclassified,Other
47229609,2026-03,Unclassified,0,Modash.io | Multiple roles | Multiple locations | Full-time | Remote • Modash is an end-to-end influencer marketing platform for Shopify stores. • We help every creator earn a living. • Tallinn is hom,Unclassified,Other
47236048,2026-03,AI,1,"ModPhone.ai | Business Development | REMOTE (US) | Commission + Equity | modphone.ai AI-powered phone/SMS/email/chat platform for schools, cities, and SMBs. Live paying customers, 60-second setup, mul",General Software Engineer,ML & AI
47225025,2026-03,AI|Go|JavaScript|NextJS|PostgreSQL|TypeScript,1,Rella | AI engineer | Remote (Company based on Miami) | getrella.com | Full-time We are a profitable seed-stage start-up building the go-to project management tool for social media teams. We are repla,Frontend Engineer,ML & AI
